s_arc,x,y,z,width_left,width_right,sector
0.0,166.4495,-60.737,0.0,7.5,7.5,1
5.0,169.1983,-63.9448,0.0,7.5,7.5,1
10.0,172.4502,-67.7428,0.0,7.5,7.5,1
15.0,175.7004,-71.5424,0.0,7.5,7.5,1
20.0,178.9497,-75.3426,0.0,7.5,7.5,1
25.0,182.1979,-79.1438,0.0,7.5,7.5,1
30.0,185.4439,-82.9469,0.0,7.5,7.5,1
35.0,188.688,-86.7516,0.0,7.5,7.5,1
40.0,191.9307,-90.5575,0.0,7.5,7.5,1
45.0,195.1755,-94.3617,0.0,7.5,7.5,1
50.0,198.4224,-98.1639,0.0,7.5,7.5,1
55.0,201.6718,-101.9641,0.0,7.5,7.5,1
60.0,204.9212,-105.7643,0.0,7.5,7.5,1
65.0,208.1704,-109.5647,0.0,7.5,7.5,1
70.0,211.4201,-113.3646,0.0,7.5,7.5,1
75.0,214.6706,-117.1639,0.0,7.5,7.5,1
80.0,217.9219,-120.9624,0.0,7.5,7.5,1
85.0,221.1731,-124.7611,0.0,7.5,7.5,1
90.0,224.4234,-128.5604,0.0,7.5,7.5,1
95.0,227.6735,-132.3601,0.0,7.5,7.5,1
100.0,230.9236,-136.1596,0.0,7.5,7.5,1
105.0,234.1752,-139.9579,0.0,7.5,7.5,1
110.0,237.4282,-143.7551,0.0,7.5,7.5,1
115.0,240.683,-147.5506,0.0,7.5,7.5,1
120.0,243.9388,-151.3453,0.0,7.5,7.5,1
125.0,247.1949,-155.1397,0.0,7.5,7.5,1
130.0,250.4506,-158.9345,0.0,7.5,7.5,1
135.0,253.7058,-162.7297,0.0,7.5,7.5,1
140.0,256.9611,-166.5249,0.0,7.5,7.5,1
145.0,260.2166,-170.3199,0.0,7.5,7.5,1
150.0,263.4718,-174.115,0.0,7.5,7.5,1
155.0,266.7252,-177.9118,0.0,7.5,7.5,1
160.0,269.9749,-181.7118,0.0,7.5,7.5,1
165.0,273.221,-185.5148,0.0,7.5,7.5,1
170.0,276.4647,-189.3198,0.0,7.5,7.5,1
175.0,279.7074,-193.1257,0.0,7.5,7.5,1
180.0,282.9489,-196.9326,0.0,7.5,7.5,1
185.0,286.1882,-200.7414,0.0,7.5,7.5,1
190.0,289.4277,-204.55,0.0,7.5,7.5,1
195.0,292.6684,-208.3576,0.0,7.5,7.5,1
200.0,295.9131,-212.1618,0.0,7.5,7.5,1
205.0,299.1618,-215.9626,0.0,7.5,7.5,1
210.0,302.4144,-219.7601,0.0,7.5,7.5,1
215.0,305.6694,-223.5554,0.0,7.5,7.5,1
220.0,308.9254,-227.35,0.0,7.5,7.5,1
225.0,312.1829,-231.1433,0.0,7.5,7.5,1
230.0,315.4407,-234.9362,0.0,7.5,7.5,1
235.0,318.6977,-238.7299,0.0,7.5,7.5,1
240.0,321.9532,-242.5248,0.0,7.5,7.5,1
245.0,325.2074,-246.3209,0.0,7.5,7.5,1
250.0,328.4598,-250.1185,0.0,7.5,7.5,1
255.0,331.7097,-253.9182,0.0,7.5,7.5,1
260.0,334.9579,-257.7195,0.0,7.5,7.5,1
265.0,338.2056,-261.5211,0.0,7.5,7.5,1
270.0,341.4543,-265.3219,0.0,7.5,7.5,1
275.0,344.7037,-269.1221,0.0,7.5,7.5,1
280.0,347.9536,-272.9218,0.0,7.5,7.5,1
285.0,351.2028,-276.7222,0.0,7.5,7.5,1
290.0,354.4511,-280.5233,0.0,7.5,7.5,1
295.0,357.6984,-284.3253,0.0,7.5,7.5,1
300.0,360.9452,-288.1277,0.0,7.5,7.5,1
305.0,364.1913,-291.9307,0.0,7.5,7.5,1
310.0,367.4363,-295.7346,0.0,7.5,7.5,1
315.0,370.6804,-299.5394,0.0,7.5,7.5,1
320.0,373.9227,-303.3456,0.0,7.5,7.5,1
325.0,377.1631,-307.1535,0.0,7.5,7.5,1
330.0,380.4015,-310.963,0.0,7.5,7.5,1
335.0,383.6374,-314.7747,0.0,7.5,7.5,1
340.0,386.8709,-318.5885,0.0,7.5,7.5,1
345.0,390.1024,-322.4038,0.0,7.5,7.5,1
350.0,393.334,-326.2192,0.0,7.5,7.5,1
355.0,396.5667,-330.0336,0.0,7.5,7.5,1
360.0,399.8001,-333.8474,0.0,7.5,7.5,1
365.0,403.0338,-337.6609,0.0,7.5,7.5,1
370.0,406.2676,-341.4744,0.0,7.5,7.5,1
375.0,409.5009,-345.2883,0.0,7.5,7.5,1
380.0,412.7338,-349.1025,0.0,7.5,7.5,1
385.0,415.9667,-352.9167,0.0,7.5,7.5,1
390.0,419.2,-356.7307,0.0,7.5,7.5,1
395.0,422.4337,-360.5442,0.0,7.5,7.5,1
400.0,425.6688,-364.3565,0.0,7.5,7.5,1
405.0,428.9051,-368.1679,0.0,7.5,7.5,1
410.0,432.1425,-371.9784,0.0,7.5,7.5,1
415.0,435.3803,-375.7884,0.0,7.5,7.5,1
420.0,438.6188,-379.5979,0.0,7.5,7.5,1
425.0,441.858,-383.4068,0.0,7.5,7.5,1
430.0,445.0977,-387.2152,0.0,7.5,7.5,1
435.0,448.3379,-391.0233,0.0,7.5,7.5,1
440.0,451.5802,-394.8295,0.0,7.5,7.5,1
445.0,454.8248,-398.6338,0.0,7.5,7.5,1
450.0,458.072,-402.4358,0.0,7.5,7.5,1
455.0,461.3201,-406.2371,0.0,7.5,7.5,1
460.0,464.5687,-410.038,0.0,7.5,7.5,1
465.0,467.8175,-413.8386,0.0,7.5,7.5,1
470.0,471.0667,-417.6391,0.0,7.5,7.5,1
475.0,474.3161,-421.4393,0.0,7.5,7.5,1
480.0,477.5655,-425.2395,0.0,7.5,7.5,1
485.0,480.8148,-429.0397,0.0,7.5,7.5,1
490.0,484.0638,-432.8402,0.0,7.5,7.5,1
495.0,487.3121,-436.6413,0.0,7.5,7.5,1
500.0,490.5598,-440.4429,0.0,7.5,7.5,1
505.0,493.8061,-444.2458,0.0,7.5,7.5,1
510.0,497.0512,-448.0496,0.0,7.5,7.5,1
515.0,500.2947,-451.8549,0.0,7.5,7.5,1
520.0,503.5357,-455.6622,0.0,7.5,7.5,1
525.0,506.7741,-459.4718,0.0,7.5,7.5,1
530.0,510.009,-463.2843,0.0,7.5,7.5,1
535.0,513.242,-467.0984,0.0,7.5,7.5,1
540.0,516.4724,-470.9148,0.0,7.5,7.5,1
545.0,519.7015,-474.7323,0.0,7.5,7.5,1
550.0,522.9291,-478.551,0.0,7.5,7.5,1
555.0,526.1559,-482.3704,0.0,7.5,7.5,1
560.0,529.3814,-486.1909,0.0,7.5,7.5,1
565.0,532.6053,-490.0127,0.0,7.5,7.5,1
570.0,535.8265,-493.8368,0.0,7.5,7.5,1
575.0,539.0422,-497.6655,0.0,7.5,7.5,1
580.0,542.253,-501.4984,0.0,7.5,7.5,1
585.0,545.4592,-505.3351,0.0,7.5,7.5,1
590.0,548.662,-509.1746,0.0,7.5,7.5,1
595.0,551.8584,-513.0194,0.0,7.5,7.5,1
600.0,555.043,-516.8741,0.0,7.5,7.5,1
605.0,558.2163,-520.738,0.0,7.5,7.5,1
610.0,561.3505,-524.6333,0.0,7.5,7.5,1
615.0,564.4496,-528.5565,0.0,7.5,7.5,1
620.0,567.4276,-532.5693,0.0,7.5,7.5,1
625.0,570.3051,-536.6547,0.0,7.5,7.5,1
630.0,573.066,-540.8225,0.0,7.5,7.5,1
635.0,575.7913,-545.0142,0.0,7.5,7.5,1
640.0,578.4394,-549.2528,0.0,7.5,7.5,1
645.0,580.9661,-553.5628,0.0,7.5,7.5,1
650.0,583.3776,-557.94,0.0,7.5,7.5,1
655.0,585.6127,-562.4086,0.0,7.5,7.5,1
660.0,587.7227,-566.9371,0.0,7.5,7.5,1
665.0,589.5625,-571.5752,0.0,7.5,7.5,1
670.0,591.1483,-576.3016,0.0,7.5,7.5,1
675.0,592.472,-581.1139,0.0,7.5,7.5,1
680.0,593.4214,-586.0063,0.0,7.5,7.5,1
685.0,594.0934,-590.9456,0.0,7.5,7.5,1
690.0,594.3705,-595.934,0.0,7.5,7.5,1
695.0,594.5072,-600.9281,0.0,7.5,7.5,1
700.0,594.4037,-605.9225,0.0,7.5,7.5,1
705.0,594.1201,-610.9074,0.0,7.5,7.5,1
710.0,593.6587,-615.8825,0.0,7.5,7.5,1
715.0,593.0315,-620.8414,0.0,7.5,7.5,1
720.0,592.316,-625.7883,0.0,7.5,7.5,1
725.0,591.4364,-630.7076,0.0,7.5,7.5,1
730.0,590.4188,-635.5984,0.0,7.5,7.5,1
735.0,589.2493,-640.4571,0.0,7.5,7.5,1
740.0,587.9894,-645.2956,0.0,7.5,7.5,1
745.0,586.6076,-650.0975,0.0,7.5,7.5,1
750.0,585.0862,-654.8565,0.0,7.5,7.5,1
755.0,583.3492,-659.5411,0.0,7.5,7.5,1
760.0,581.3872,-664.132,0.0,7.5,7.5,1
765.0,579.1139,-668.5708,0.0,7.5,7.5,1
770.0,576.5316,-672.8376,0.0,7.5,7.5,1
775.0,573.7092,-676.9561,0.0,7.5,7.5,1
780.0,570.5423,-680.7977,0.0,7.5,7.5,1
785.0,567.0939,-684.3894,0.0,7.5,7.5,1
790.0,563.2114,-687.4867,0.0,7.5,7.5,1
795.0,559.0562,-690.1938,0.0,7.5,7.5,1
800.0,554.6182,-692.4637,0.0,7.5,7.5,1
805.0,550.0269,-694.4152,0.0,7.5,7.5,1
810.0,545.3245,-696.083,0.0,7.5,7.5,1
815.0,540.5132,-697.4106,0.0,7.5,7.5,1
820.0,535.6481,-698.542,0.0,7.5,7.5,1
825.0,530.7431,-699.4984,0.0,7.5,7.5,1
830.0,525.8052,-700.1563,0.0,7.5,7.5,1
835.0,520.8377,-700.4088,0.0,7.5,7.5,1
840.0,515.8787,-700.041,0.0,7.5,7.5,1
845.0,510.9824,-699.1792,0.0,7.5,7.5,1
850.0,506.1553,-697.9109,0.0,7.5,7.5,1
855.0,501.4149,-696.342,0.0,7.5,7.5,1
860.0,496.7754,-694.5101,0.0,7.5,7.5,1
865.0,492.2556,-692.3847,0.0,7.5,7.5,1
870.0,487.8649,-690.0179,0.0,7.5,7.5,1
875.0,483.7067,-687.2914,0.0,7.5,7.5,1
880.0,479.7745,-684.2378,0.0,7.5,7.5,1
885.0,476.1471,-680.8108,0.0,7.5,7.5,1
890.0,472.7254,-677.1807,0.0,7.5,7.5,1
895.0,469.5526,-673.3204,0.0,7.5,7.5,1
900.0,466.5173,-669.3504,0.0,7.5,7.5,1
905.0,463.6158,-665.2803,0.0,7.5,7.5,1
910.0,460.7997,-661.1503,0.0,7.5,7.5,1
915.0,458.0603,-656.9679,0.0,7.5,7.5,1
920.0,455.3778,-652.7489,0.0,7.5,7.5,1
925.0,452.7464,-648.4978,0.0,7.5,7.5,1
930.0,450.1663,-644.2152,0.0,7.5,7.5,1
935.0,447.6253,-639.9092,0.0,7.5,7.5,1
940.0,445.1162,-635.5844,0.0,7.5,7.5,1
945.0,442.6265,-631.2483,0.0,7.5,7.5,1
950.0,440.1466,-626.9067,0.0,7.5,7.5,1
955.0,437.6741,-622.5608,0.0,7.5,7.5,1
960.0,435.2049,-618.2131,0.0,7.5,7.5,1
965.0,432.7422,-613.8616,0.0,7.5,7.5,1
970.0,430.2838,-609.5077,0.0,7.5,7.5,1
975.0,427.8113,-605.1621,0.0,7.5,7.5,1
980.0,425.299,-600.8396,0.0,7.5,7.5,1
985.0,422.7404,-596.5443,0.0,7.5,7.5,1
990.0,420.1402,-592.2737,0.0,7.5,7.5,1
995.0,417.504,-588.0254,0.0,7.5,7.5,1
1000.0,414.8024,-583.8195,0.0,7.5,7.5,1
1005.0,412.018,-579.6682,0.0,7.5,7.5,1
1010.0,409.1541,-575.571,0.0,7.5,7.5,1
1015.0,406.2183,-571.5244,0.0,7.5,7.5,1
1020.0,403.2388,-567.5097,0.0,7.5,7.5,1
1025.0,400.1632,-563.5707,0.0,7.5,7.5,1
1030.0,396.9883,-559.7129,0.0,7.5,7.5,1
1035.0,393.6891,-555.9593,0.0,7.5,7.5,1
1040.0,390.2862,-552.2987,0.0,7.5,7.5,1
1045.0,386.8132,-548.7038,0.0,7.5,7.5,1
1050.0,383.2586,-545.1895,0.0,7.5,7.5,1
1055.0,379.6291,-541.7543,0.0,7.5,7.5,1
1060.0,375.9248,-538.3983,0.0,7.5,7.5,1
1065.0,372.1126,-535.1694,0.0,7.5,7.5,1
1070.0,368.1984,-532.0678,0.0,7.5,7.5,1
1075.0,364.1231,-529.1858,0.0,7.5,7.5,1
1080.0,359.911,-526.5073,0.0,7.5,7.5,1
1085.0,355.5369,-524.1146,0.0,7.5,7.5,1
1090.0,351.0168,-522.0068,0.0,7.5,7.5,1
1095.0,346.368,-520.1971,0.0,7.5,7.5,1
1100.0,341.6261,-518.6294,0.0,7.5,7.5,1
1105.0,336.7966,-517.3787,0.0,7.5,7.5,1
1110.0,331.9062,-516.3669,0.0,7.5,7.5,1
1115.0,326.9718,-515.5621,0.0,7.5,7.5,1
1120.0,322.0295,-514.8081,0.0,7.5,7.5,1
1125.0,317.0757,-514.1332,0.0,7.5,7.5,1
1130.0,312.116,-513.5015,0.0,7.5,7.5,1
1135.0,307.152,-512.9027,0.0,7.5,7.5,1
1140.0,302.1885,-512.2999,0.0,7.5,7.5,1
1145.0,297.2276,-511.6766,0.0,7.5,7.5,1
1150.0,292.2757,-510.9973,0.0,7.5,7.5,1
1155.0,287.3533,-510.1498,0.0,7.5,7.5,1
1160.0,282.4625,-509.1331,0.0,7.5,7.5,1
1165.0,277.6193,-507.9158,0.0,7.5,7.5,1
1170.0,272.8901,-506.3662,0.0,7.5,7.5,1
1175.0,268.333,-504.3833,0.0,7.5,7.5,1
1180.0,263.9779,-501.9492,0.0,7.5,7.5,1
1185.0,259.7754,-499.2529,0.0,7.5,7.5,1
1190.0,255.8,-496.2456,0.0,7.5,7.5,1
1195.0,252.016,-492.9942,0.0,7.5,7.5,1
1200.0,248.4218,-489.5206,0.0,7.5,7.5,1
1205.0,244.9291,-485.9499,0.0,7.5,7.5,1
1210.0,241.6333,-482.2032,0.0,7.5,7.5,1
1215.0,238.5404,-478.2872,0.0,7.5,7.5,1
1220.0,235.6597,-474.2061,0.0,7.5,7.5,1
1225.0,233.0399,-469.9627,0.0,7.5,7.5,1
1230.0,230.7164,-465.552,0.0,7.5,7.5,1
1235.0,228.7169,-460.9767,0.0,7.5,7.5,1
1240.0,226.9526,-456.3053,0.0,7.5,7.5,1
1245.0,225.386,-451.5604,0.0,7.5,7.5,1
1250.0,223.9324,-446.7769,0.0,7.5,7.5,1
1255.0,222.5225,-441.9798,0.0,7.5,7.5,1
1260.0,221.1238,-437.1795,0.0,7.5,7.5,1
1265.0,219.7375,-432.3755,0.0,7.5,7.5,1
1270.0,218.361,-427.5687,0.0,7.5,7.5,1
1275.0,216.9863,-422.7614,0.0,7.5,7.5,1
1280.0,215.6103,-417.9545,0.0,7.5,7.5,1
1285.0,214.1922,-413.1605,0.0,7.5,7.5,1
1290.0,212.7061,-408.3876,0.0,7.5,7.5,1
1295.0,211.0181,-403.6883,0.0,7.5,7.5,1
1300.0,209.1442,-399.0594,0.0,7.5,7.5,1
1305.0,207.0753,-394.5095,0.0,7.5,7.5,1
1310.0,204.9186,-390.0008,0.0,7.5,7.5,1
1315.0,202.5774,-385.5897,0.0,7.5,7.5,1
1320.0,200.0623,-381.2764,0.0,7.5,7.5,1
1325.0,197.3083,-377.1085,0.0,7.5,7.5,1
1330.0,194.4162,-373.037,0.0,7.5,7.5,1
1335.0,191.2551,-369.1775,0.0,7.5,7.5,1
1340.0,187.8702,-365.5189,0.0,7.5,7.5,1
1345.0,184.2094,-362.1233,0.0,7.5,7.5,1
1350.0,180.3961,-358.8987,0.0,7.5,7.5,1
1355.0,176.3561,-355.9752,0.0,7.5,7.5,1
1360.0,172.1004,-353.3875,0.0,7.5,7.5,1
1365.0,167.6423,-351.1363,0.0,7.5,7.5,1
1370.0,163.0738,-349.1123,0.0,7.5,7.5,1
1375.0,158.422,-347.2987,0.0,7.5,7.5,1
1380.0,153.6833,-345.7258,0.0,7.5,7.5,1
1385.0,148.8766,-344.3634,0.0,7.5,7.5,1
1390.0,144.0058,-343.2697,0.0,7.5,7.5,1
1395.0,139.0885,-342.4051,0.0,7.5,7.5,1
1400.0,134.1337,-341.7468,0.0,7.5,7.5,1
1405.0,129.1648,-341.2018,0.0,7.5,7.5,1
1410.0,124.1862,-340.755,0.0,7.5,7.5,1
1415.0,119.1989,-340.4016,0.0,7.5,7.5,1
1420.0,114.2103,-340.0665,0.0,7.5,7.5,1
1425.0,109.2219,-339.7271,0.0,7.5,7.5,1
1430.0,104.2353,-339.3621,0.0,7.5,7.5,1
1435.0,99.2519,-338.9574,0.0,7.5,7.5,1
1440.0,94.274,-338.4954,0.0,7.5,7.5,1
1445.0,89.3069,-337.9336,0.0,7.5,7.5,1
1450.0,84.354,-337.2609,0.0,7.5,7.5,1
1455.0,79.4423,-336.3591,0.0,7.5,7.5,1
1460.0,74.6044,-335.1498,0.0,7.5,7.5,1
1465.0,69.8576,-333.6061,0.0,7.5,7.5,1
1470.0,65.1929,-331.8175,0.0,7.5,7.5,1
1475.0,60.5945,-329.8607,0.0,7.5,7.5,1
1480.0,56.0566,-327.7655,0.0,7.5,7.5,1
1485.0,51.5895,-325.5267,0.0,7.5,7.5,1
1490.0,47.2326,-323.0883,0.0,7.5,7.5,1
1495.0,43.0235,-320.4059,0.0,7.5,7.5,1
1500.0,38.9988,-317.4505,0.0,7.5,7.5,1
1505.0,35.1465,-314.2721,0.0,7.5,7.5,1
1510.0,31.4974,-310.8639,0.0,7.5,7.5,1
1515.0,28.0141,-307.2845,0.0,7.5,7.5,1
1520.0,24.686,-303.5562,0.0,7.5,7.5,1
1525.0,21.5088,-299.7008,0.0,7.5,7.5,1
1530.0,18.4813,-295.7264,0.0,7.5,7.5,1
1535.0,15.6194,-291.6296,0.0,7.5,7.5,1
1540.0,12.9317,-287.4198,0.0,7.5,7.5,1
1545.0,10.4916,-283.0664,0.0,7.5,7.5,1
1550.0,8.4822,-278.516,0.0,7.5,7.5,1
1555.0,6.9056,-273.7977,0.0,7.5,7.5,1
1560.0,5.7878,-268.9377,0.0,7.5,7.5,1
1565.0,4.9991,-264.0123,0.0,7.5,7.5,1
1570.0,4.5761,-259.0416,0.0,7.5,7.5,1
1575.0,4.4503,-254.0501,0.0,7.5,7.5,1
1580.0,4.5626,-249.0557,0.0,7.5,7.5,1
1585.0,5.0379,-244.0967,0.0,7.5,7.5,1
1590.0,5.9176,-239.1974,0.0,7.5,7.5,1
1595.0,7.2686,-234.3926,0.0,7.5,7.5,1
1600.0,8.8784,-229.6641,0.0,7.5,7.5,1
1605.0,10.6592,-224.9932,0.0,7.5,7.5,1
1610.0,12.5002,-220.3445,0.0,7.5,7.5,1
1615.0,14.3616,-215.7039,0.0,7.5,7.5,1
1620.0,16.2335,-211.0676,0.0,7.5,7.5,1
1625.0,18.1069,-206.4318,0.0,7.5,7.5,1
1630.0,19.9767,-201.7946,0.0,7.5,7.5,1
1635.0,21.8339,-197.1523,0.0,7.5,7.5,1
1640.0,23.6821,-192.5065,0.0,7.5,7.5,1
1645.0,25.5192,-187.8562,0.0,7.5,7.5,1
1650.0,27.3327,-183.197,0.0,7.5,7.5,1
1655.0,29.0547,-178.5044,0.0,7.5,7.5,1
1660.0,30.6678,-173.7738,0.0,7.5,7.5,1
1665.0,32.151,-168.9999,0.0,7.5,7.5,1
1670.0,33.4656,-164.1814,0.0,7.5,7.5,1
1675.0,34.5909,-159.3151,0.0,7.5,7.5,1
1680.0,35.4401,-154.395,0.0,7.5,7.5,1
1685.0,36.0638,-149.443,0.0,7.5,7.5,1
1690.0,36.2292,-144.4684,0.0,7.5,7.5,1
1695.0,36.0623,-139.4891,0.0,7.5,7.5,1
1700.0,35.4546,-134.5322,0.0,7.5,7.5,1
1705.0,34.6274,-129.6118,0.0,7.5,7.5,1
1710.0,33.4437,-124.7629,0.0,7.5,7.5,1
1715.0,31.9972,-119.9897,0.0,7.5,7.5,1
1720.0,30.2141,-115.3295,0.0,7.5,7.5,1
1725.0,28.1513,-110.7883,0.0,7.5,7.5,1
1730.0,25.8409,-106.3585,0.0,7.5,7.5,1
1735.0,23.2356,-102.1065,0.0,7.5,7.5,1
1740.0,20.3348,-98.0549,0.0,7.5,7.5,1
1745.0,17.1161,-94.2404,0.0,7.5,7.5,1
1750.0,13.631,-90.6788,0.0,7.5,7.5,1
1755.0,9.8566,-87.4354,0.0,7.5,7.5,1
1760.0,5.8294,-84.4902,0.0,7.5,7.5,1
1765.0,1.6574,-81.7366,0.0,7.5,7.5,1
1770.0,-2.5831,-79.0903,0.0,7.5,7.5,1
1775.0,-6.8816,-76.5395,0.0,7.5,7.5,1
1780.0,-11.2557,-74.1219,0.0,7.5,7.5,1
1785.0,-15.6808,-71.798,0.0,7.5,7.5,1
1790.0,-20.1464,-69.5489,0.0,7.5,7.5,1
1795.0,-24.6304,-67.3378,0.0,7.5,7.5,1
1800.0,-29.143,-65.1865,0.0,7.5,7.5,1
1805.0,-33.6875,-63.1026,0.0,7.5,7.5,1
1810.0,-38.2613,-61.0838,0.0,7.5,7.5,1
1815.0,-42.8579,-59.1172,0.0,7.5,7.5,1
1820.0,-47.4776,-57.2052,0.0,7.5,7.5,1
1825.0,-52.1336,-55.3865,0.0,7.5,7.5,1
1830.0,-56.8257,-53.6632,0.0,7.5,7.5,1
1835.0,-61.5563,-52.0461,0.0,7.5,7.5,1
1840.0,-66.3279,-50.562,0.0,7.5,7.5,1
1845.0,-71.1394,-49.2119,0.0,7.5,7.5,1
1850.0,-75.9907,-48.0063,0.0,7.5,7.5,1
1855.0,-80.8592,-46.87,0.0,7.5,7.5,1
1860.0,-85.7475,-45.8222,0.0,7.5,7.5,1
1865.0,-90.6477,-44.8302,0.0,7.5,7.5,1
1870.0,-95.5629,-43.9174,0.0,7.5,7.5,1
1875.0,-100.491,-43.0788,0.0,7.5,7.5,1
1880.0,-105.4371,-42.3581,0.0,7.5,7.5,1
1885.0,-110.3971,-41.7344,0.0,7.5,7.5,1
1890.0,-115.368,-41.2091,0.0,7.5,7.5,1
1895.0,-120.3494,-40.8084,0.0,7.5,7.5,1
1900.0,-125.3394,-40.5329,0.0,7.5,7.5,1
1905.0,-130.3366,-40.3781,0.0,7.5,7.5,1
1910.0,-135.335,-40.2826,0.0,7.5,7.5,1
1915.0,-140.3335,-40.2966,0.0,7.5,7.5,1
1920.0,-145.3315,-40.3914,0.0,7.5,7.5,2
1925.0,-150.3278,-40.5798,0.0,7.5,7.5,2
1930.0,-155.323,-40.7942,0.0,7.5,7.5,2
1935.0,-160.3137,-41.0859,0.0,7.5,7.5,2
1940.0,-165.2997,-41.4457,0.0,7.5,7.5,2
1945.0,-170.2715,-41.9566,0.0,7.5,7.5,2
1950.0,-175.2247,-42.6123,0.0,7.5,7.5,2
1955.0,-180.1478,-43.4679,0.0,7.5,7.5,2
1960.0,-185.0312,-44.5177,0.0,7.5,7.5,2
1965.0,-189.8721,-45.757,0.0,7.5,7.5,2
1970.0,-194.6725,-47.1493,0.0,7.5,7.5,2
1975.0,-199.4305,-48.6798,0.0,7.5,7.5,2
1980.0,-204.1521,-50.3211,0.0,7.5,7.5,2
1985.0,-208.8378,-52.0643,0.0,7.5,7.5,2
1990.0,-213.4924,-53.8872,0.0,7.5,7.5,2
1995.0,-218.1101,-55.8019,0.0,7.5,7.5,2
2000.0,-222.6784,-57.8308,0.0,7.5,7.5,2
2005.0,-227.2086,-59.9447,0.0,7.5,7.5,2
2010.0,-231.6987,-62.1436,0.0,7.5,7.5,2
2015.0,-236.1606,-64.3986,0.0,7.5,7.5,2
2020.0,-240.5886,-66.7199,0.0,7.5,7.5,2
2025.0,-244.9636,-69.1375,0.0,7.5,7.5,2
2030.0,-249.2931,-71.6367,0.0,7.5,7.5,2
2035.0,-253.5584,-74.2441,0.0,7.5,7.5,2
2040.0,-257.7753,-76.9279,0.0,7.5,7.5,2
2045.0,-261.9216,-79.72,0.0,7.5,7.5,2
2050.0,-265.9913,-82.6208,0.0,7.5,7.5,2
2055.0,-269.9833,-85.6288,0.0,7.5,7.5,2
2060.0,-273.8963,-88.7395,0.0,7.5,7.5,2
2065.0,-277.6722,-92.0035,0.0,7.5,7.5,2
2070.0,-281.2678,-95.4617,0.0,7.5,7.5,2
2075.0,-284.7061,-99.0848,0.0,7.5,7.5,2
2080.0,-288.0584,-102.7941,0.0,7.5,7.5,2
2085.0,-291.385,-106.5267,0.0,7.5,7.5,2
2090.0,-294.6603,-110.3039,0.0,7.5,7.5,2
2095.0,-297.8946,-114.1161,0.0,7.5,7.5,2
2100.0,-301.0849,-117.9656,0.0,7.5,7.5,2
2105.0,-304.2347,-121.8484,0.0,7.5,7.5,2
2110.0,-307.3567,-125.7536,0.0,7.5,7.5,2
2115.0,-310.4479,-129.6836,0.0,7.5,7.5,2
2120.0,-313.5263,-133.6235,0.0,7.5,7.5,2
2125.0,-316.5919,-137.5734,0.0,7.5,7.5,2
2130.0,-319.6373,-141.5388,0.0,7.5,7.5,2
2135.0,-322.6625,-145.5196,0.0,7.5,7.5,2
2140.0,-325.669,-149.5146,0.0,7.5,7.5,2
2145.0,-328.6719,-153.5124,0.0,7.5,7.5,2
2150.0,-331.6806,-157.5059,0.0,7.5,7.5,2
2155.0,-334.6969,-161.4936,0.0,7.5,7.5,2
2160.0,-337.7222,-165.4745,0.0,7.5,7.5,2
2165.0,-340.7592,-169.4464,0.0,7.5,7.5,2
2170.0,-343.809,-173.4085,0.0,7.5,7.5,2
2175.0,-346.8702,-177.3619,0.0,7.5,7.5,2
2180.0,-349.949,-181.3015,0.0,7.5,7.5,2
2185.0,-353.043,-185.2292,0.0,7.5,7.5,2
2190.0,-356.1562,-189.1417,0.0,7.5,7.5,2
2195.0,-359.2803,-193.0454,0.0,7.5,7.5,2
2200.0,-362.4334,-196.9257,0.0,7.5,7.5,2
2205.0,-365.6082,-200.7882,0.0,7.5,7.5,2
2210.0,-368.799,-204.6377,0.0,7.5,7.5,2
2215.0,-372.0049,-208.4743,0.0,7.5,7.5,2
2220.0,-375.2405,-212.2858,0.0,7.5,7.5,2
2225.0,-378.5633,-216.0185,0.0,7.5,7.5,2
2230.0,-381.985,-219.6601,0.0,7.5,7.5,2
2235.0,-385.5836,-223.119,0.0,7.5,7.5,2
2240.0,-389.3421,-226.404,0.0,7.5,7.5,2
2245.0,-393.2811,-229.4703,0.0,7.5,7.5,2
2250.0,-397.3644,-232.3424,0.0,7.5,7.5,2
2255.0,-401.6008,-234.9791,0.0,7.5,7.5,2
2260.0,-405.9735,-237.3907,0.0,7.5,7.5,2
2265.0,-410.5036,-239.4684,0.0,7.5,7.5,2
2270.0,-415.1581,-241.2613,0.0,7.5,7.5,2
2275.0,-419.9373,-242.7076,0.0,7.5,7.5,2
2280.0,-424.7653,-243.9941,0.0,7.5,7.5,2
2285.0,-429.6494,-245.0538,0.0,7.5,7.5,2
2290.0,-434.5554,-246.0069,0.0,7.5,7.5,2
2295.0,-439.4846,-246.8448,0.0,7.5,7.5,2
2300.0,-444.4159,-247.6705,0.0,7.5,7.5,2
2305.0,-449.3483,-248.49,0.0,7.5,7.5,2
2310.0,-454.2802,-249.3126,0.0,7.5,7.5,2
2315.0,-459.2116,-250.138,0.0,7.5,7.5,2
2320.0,-464.1436,-250.9595,0.0,7.5,7.5,2
2325.0,-469.0771,-251.7724,0.0,7.5,7.5,2
2330.0,-474.013,-252.5702,0.0,7.5,7.5,2
2335.0,-478.9519,-253.3494,0.0,7.5,7.5,2
2340.0,-483.8961,-254.0924,0.0,7.5,7.5,2
2345.0,-488.8484,-254.7779,0.0,7.5,7.5,2
2350.0,-493.8099,-255.3927,0.0,7.5,7.5,2
2355.0,-498.7809,-255.9247,0.0,7.5,7.5,2
2360.0,-503.7616,-256.3488,0.0,7.5,7.5,2
2365.0,-508.7507,-256.6621,0.0,7.5,7.5,2
2370.0,-513.7456,-256.8528,0.0,7.5,7.5,2
2375.0,-518.7404,-256.8749,0.0,7.5,7.5,2
2380.0,-523.7269,-256.6468,0.0,7.5,7.5,2
2385.0,-528.6956,-256.1457,0.0,7.5,7.5,2
2390.0,-533.6185,-255.3291,0.0,7.5,7.5,2
2395.0,-538.4753,-254.2002,0.0,7.5,7.5,2
2400.0,-543.2387,-252.7189,0.0,7.5,7.5,2
2405.0,-547.9083,-250.9531,0.0,7.5,7.5,2
2410.0,-552.399,-248.8164,0.0,7.5,7.5,2
2415.0,-556.6051,-246.2044,0.0,7.5,7.5,2
2420.0,-560.3605,-243.0069,0.0,7.5,7.5,2
2425.0,-563.5358,-239.229,0.0,7.5,7.5,2
2430.0,-566.1754,-235.0307,0.0,7.5,7.5,2
2435.0,-568.41,-230.5645,0.0,7.5,7.5,2
2440.0,-570.3717,-225.9744,0.0,7.5,7.5,2
2445.0,-572.0785,-221.2842,0.0,7.5,7.5,2
2450.0,-573.5603,-216.5154,0.0,7.5,7.5,2
2455.0,-574.7446,-211.6684,0.0,7.5,7.5,2
2460.0,-575.6186,-206.7595,0.0,7.5,7.5,2
2465.0,-576.2331,-201.7994,0.0,7.5,7.5,2
2470.0,-576.7916,-196.8309,0.0,7.5,7.5,2
2475.0,-577.4035,-191.869,0.0,7.5,7.5,2
2480.0,-578.106,-186.9196,0.0,7.5,7.5,2
2485.0,-578.8894,-181.9822,0.0,7.5,7.5,2
2490.0,-579.7422,-177.0556,0.0,7.5,7.5,2
2495.0,-580.6536,-172.1398,0.0,7.5,7.5,2
2500.0,-581.6145,-167.2334,0.0,7.5,7.5,2
2505.0,-582.6338,-162.3384,0.0,7.5,7.5,2
2510.0,-583.671,-157.4473,0.0,7.5,7.5,2
2515.0,-584.7276,-152.5602,0.0,7.5,7.5,2
2520.0,-585.789,-147.6742,0.0,7.5,7.5,2
2525.0,-586.8564,-142.7894,0.0,7.5,7.5,2
2530.0,-587.9265,-137.9053,0.0,7.5,7.5,2
2535.0,-588.9975,-133.0213,0.0,7.5,7.5,2
2540.0,-590.0668,-128.137,0.0,7.5,7.5,2
2545.0,-591.1318,-123.2517,0.0,7.5,7.5,2
2550.0,-592.1933,-118.3657,0.0,7.5,7.5,2
2555.0,-593.2507,-113.4788,0.0,7.5,7.5,2
2560.0,-594.3053,-108.5913,0.0,7.5,7.5,2
2565.0,-595.358,-103.7034,0.0,7.5,7.5,2
2570.0,-596.4103,-98.8154,0.0,7.5,7.5,2
2575.0,-597.4623,-93.9273,0.0,7.5,7.5,2
2580.0,-598.5137,-89.0391,0.0,7.5,7.5,2
2585.0,-599.5637,-84.1506,0.0,7.5,7.5,2
2590.0,-600.6129,-79.2619,0.0,7.5,7.5,2
2595.0,-601.6625,-74.3733,0.0,7.5,7.5,2
2600.0,-602.7128,-69.4849,0.0,7.5,7.5,2
2605.0,-603.7617,-64.5961,0.0,7.5,7.5,2
2610.0,-604.804,-59.706,0.0,7.5,7.5,2
2615.0,-605.8404,-54.8146,0.0,7.5,7.5,2
2620.0,-606.872,-49.9222,0.0,7.5,7.5,2
2625.0,-607.9033,-45.0297,0.0,7.5,7.5,2
2630.0,-608.9326,-40.1367,0.0,7.5,7.5,2
2635.0,-609.9598,-35.2434,0.0,7.5,7.5,2
2640.0,-610.9824,-30.3491,0.0,7.5,7.5,2
2645.0,-611.9991,-25.4536,0.0,7.5,7.5,2
2650.0,-612.9991,-20.5547,0.0,7.5,7.5,2
2655.0,-613.9748,-15.6509,0.0,7.5,7.5,2
2660.0,-614.9291,-10.7429,0.0,7.5,7.5,2
2665.0,-615.8645,-5.8312,0.0,7.5,7.5,2
2670.0,-616.7903,-0.9176,0.0,7.5,7.5,2
2675.0,-617.6817,4.0021,0.0,7.5,7.5,2
2680.0,-618.5471,8.9265,0.0,7.5,7.5,2
2685.0,-619.3605,13.8598,0.0,7.5,7.5,2
2690.0,-620.1425,18.798,0.0,7.5,7.5,2
2695.0,-620.853,23.7469,0.0,7.5,7.5,2
2700.0,-621.5191,28.7019,0.0,7.5,7.5,2
2705.0,-622.054,33.6709,0.0,7.5,7.5,2
2710.0,-622.4625,38.651,0.0,7.5,7.5,2
2715.0,-622.7226,43.643,0.0,7.5,7.5,2
2720.0,-622.832,48.6388,0.0,7.5,7.5,2
2725.0,-622.781,53.6347,0.0,7.5,7.5,2
2730.0,-622.5548,58.6276,0.0,7.5,7.5,2
2735.0,-622.1026,63.6009,0.0,7.5,7.5,2
2740.0,-621.4304,68.5491,0.0,7.5,7.5,2
2745.0,-620.5065,73.4592,0.0,7.5,7.5,2
2750.0,-619.3907,78.328,0.0,7.5,7.5,2
2755.0,-618.0919,83.1526,0.0,7.5,7.5,2
2760.0,-616.6559,87.9413,0.0,7.5,7.5,2
2765.0,-615.1112,92.6953,0.0,7.5,7.5,2
2770.0,-613.4672,97.4159,0.0,7.5,7.5,2
2775.0,-611.7115,102.0967,0.0,7.5,7.5,2
2780.0,-609.8751,106.7463,0.0,7.5,7.5,2
2785.0,-607.9521,111.3609,0.0,7.5,7.5,2
2790.0,-605.9405,115.9373,0.0,7.5,7.5,2
2795.0,-603.853,120.4798,0.0,7.5,7.5,2
2800.0,-601.7128,124.9985,0.0,7.5,7.5,2
2805.0,-599.5559,129.5093,0.0,7.5,7.5,2
2810.0,-597.4092,134.025,0.0,7.5,7.5,2
2815.0,-595.2985,138.5573,0.0,7.5,7.5,2
2820.0,-593.2617,143.1228,0.0,7.5,7.5,2
2825.0,-591.3385,147.7364,0.0,7.5,7.5,2
2830.0,-589.5852,152.4142,0.0,7.5,7.5,2
2835.0,-588.1396,157.1867,0.0,7.5,7.5,2
2840.0,-587.1088,162.0571,0.0,7.5,7.5,2
2845.0,-586.6344,167.0079,0.0,7.5,7.5,2
2850.0,-586.7784,171.9664,0.0,7.5,7.5,2
2855.0,-587.7012,176.8164,0.0,7.5,7.5,2
2860.0,-589.5409,181.3617,0.0,7.5,7.5,2
2865.0,-592.3506,185.3652,0.0,7.5,7.5,2
2870.0,-596.0027,188.6489,0.0,7.5,7.5,2
2875.0,-600.2673,191.0972,0.0,7.5,7.5,2
2880.0,-604.9447,192.4592,0.0,7.5,7.5,2
2885.0,-609.8113,192.6729,0.0,7.5,7.5,2
2890.0,-614.666,191.7845,0.0,7.5,7.5,2
2895.0,-619.2775,190.0192,0.0,7.5,7.5,2
2900.0,-623.4434,187.4091,0.0,7.5,7.5,2
2905.0,-627.1235,184.1039,0.0,7.5,7.5,2
2910.0,-630.3624,180.3161,0.0,7.5,7.5,2
2915.0,-633.3254,176.2987,0.0,7.5,7.5,2
2920.0,-636.0853,172.1338,0.0,7.5,7.5,2
2925.0,-638.6576,167.8504,0.0,7.5,7.5,2
2930.0,-641.0979,163.4891,0.0,7.5,7.5,2
2935.0,-643.4447,159.0741,0.0,7.5,7.5,2
2940.0,-645.785,154.6557,0.0,7.5,7.5,2
2945.0,-648.1399,150.2451,0.0,7.5,7.5,2
2950.0,-650.5207,145.8484,0.0,7.5,7.5,2
2955.0,-652.9254,141.4647,0.0,7.5,7.5,2
2960.0,-655.3526,137.0934,0.0,7.5,7.5,2
2965.0,-657.8045,132.736,0.0,7.5,7.5,2
2970.0,-660.2973,128.4021,0.0,7.5,7.5,2
2975.0,-662.8312,124.0921,0.0,7.5,7.5,2
2980.0,-665.406,119.8061,0.0,7.5,7.5,2
2985.0,-668.012,115.5391,0.0,7.5,7.5,2
2990.0,-670.6553,111.2952,0.0,7.5,7.5,2
2995.0,-673.3285,107.0699,0.0,7.5,7.5,2
3000.0,-676.0287,102.8617,0.0,7.5,7.5,2
3005.0,-678.7429,98.6627,0.0,7.5,7.5,2
3010.0,-681.4701,94.4719,0.0,7.5,7.5,2
3015.0,-684.2085,90.2885,0.0,7.5,7.5,2
3020.0,-686.9601,86.1138,0.0,7.5,7.5,2
3025.0,-689.7303,81.9513,0.0,7.5,7.5,2
3030.0,-692.5244,77.8051,0.0,7.5,7.5,2
3035.0,-695.3488,73.6794,0.0,7.5,7.5,2
3040.0,-698.21,69.5791,0.0,7.5,7.5,2
3045.0,-701.1092,65.5058,0.0,7.5,7.5,2
3050.0,-704.0602,61.4701,0.0,7.5,7.5,2
3055.0,-707.066,57.4752,0.0,7.5,7.5,2
3060.0,-710.138,53.531,0.0,7.5,7.5,2
3065.0,-713.3182,49.6762,0.0,7.5,7.5,2
3070.0,-716.6086,45.9148,0.0,7.5,7.5,2
3075.0,-720.0104,42.2524,0.0,7.5,7.5,2
3080.0,-723.5325,38.7091,0.0,7.5,7.5,2
3085.0,-727.1558,35.2676,0.0,7.5,7.5,2
3090.0,-730.8802,31.9323,0.0,7.5,7.5,2
3095.0,-734.6357,28.6321,0.0,7.5,7.5,2
3100.0,-738.4463,25.3956,0.0,7.5,7.5,2
3105.0,-742.2887,22.1968,0.0,7.5,7.5,2
3110.0,-746.2042,19.0901,0.0,7.5,7.5,2
3115.0,-750.1811,16.0629,0.0,7.5,7.5,2
3120.0,-754.2245,13.1226,0.0,7.5,7.5,2
3125.0,-758.329,10.276,0.0,7.5,7.5,2
3130.0,-762.5606,7.6345,0.0,7.5,7.5,2
3135.0,-766.9163,5.1962,0.0,7.5,7.5,2
3140.0,-771.4133,3.0213,0.0,7.5,7.5,2
3145.0,-775.9866,1.0144,0.0,7.5,7.5,2
3150.0,-780.6486,-0.7869,0.0,7.5,7.5,2
3155.0,-785.357,-2.4634,0.0,7.5,7.5,2
3160.0,-790.1209,-3.9697,0.0,7.5,7.5,2
3165.0,-794.9407,-5.2839,0.0,7.5,7.5,2
3170.0,-799.808,-6.4146,0.0,7.5,7.5,2
3175.0,-804.7135,-7.3691,0.0,7.5,7.5,2
3180.0,-809.6411,-8.2074,0.0,7.5,7.5,2
3185.0,-814.5846,-8.9556,0.0,7.5,7.5,2
3190.0,-819.5366,-9.6422,0.0,7.5,7.5,2
3195.0,-824.4983,-10.2536,0.0,7.5,7.5,2
3200.0,-829.4687,-10.7953,0.0,7.5,7.5,2
3205.0,-834.4451,-11.2775,0.0,7.5,7.5,2
3210.0,-839.4259,-11.709,0.0,7.5,7.5,2
3215.0,-844.4138,-12.0441,0.0,7.5,7.5,2
3220.0,-849.406,-12.3091,0.0,7.5,7.5,2
3225.0,-854.402,-12.5097,0.0,7.5,7.5,2
3230.0,-859.3991,-12.6556,0.0,7.5,7.5,2
3235.0,-864.3976,-12.7263,0.0,7.5,7.5,2
3240.0,-869.3959,-12.681,0.0,7.5,7.5,2
3245.0,-874.3931,-12.544,0.0,7.5,7.5,2
3250.0,-879.3844,-12.2747,0.0,7.5,7.5,2
3255.0,-884.3709,-11.9209,0.0,7.5,7.5,2
3260.0,-889.3423,-11.4046,0.0,7.5,7.5,2
3265.0,-894.3027,-10.7919,0.0,7.5,7.5,2
3270.0,-899.2515,-10.0779,0.0,7.5,7.5,2
3275.0,-904.199,-9.3556,0.0,7.5,7.5,2
3280.0,-909.1426,-8.6082,0.0,7.5,7.5,2
3285.0,-914.0776,-7.808,0.0,7.5,7.5,2
3290.0,-919.0033,-6.9527,0.0,7.5,7.5,2
3295.0,-923.9123,-6.0066,0.0,7.5,7.5,2
3300.0,-928.8098,-5.0028,0.0,7.5,7.5,2
3305.0,-933.6892,-3.9125,0.0,7.5,7.5,2
3310.0,-938.5584,-2.7786,0.0,7.5,7.5,2
3315.0,-943.395,-1.5185,0.0,7.5,7.5,2
3320.0,-948.2049,-0.1593,0.0,7.5,7.5,2
3325.0,-952.9889,1.2937,0.0,7.5,7.5,2
3330.0,-957.7688,2.7606,0.0,7.5,7.5,2
3335.0,-962.5321,4.2793,0.0,7.5,7.5,2
3340.0,-967.2801,5.8452,0.0,7.5,7.5,2
3345.0,-972.009,7.469,0.0,7.5,7.5,2
3350.0,-976.7313,9.1119,0.0,7.5,7.5,2
3355.0,-981.4419,10.7881,0.0,7.5,7.5,2
3360.0,-986.1454,12.484,0.0,7.5,7.5,2
3365.0,-990.8327,14.2239,0.0,7.5,7.5,2
3370.0,-995.5065,15.9995,0.0,7.5,7.5,2
3375.0,-1000.1638,17.8185,0.0,7.5,7.5,2
3380.0,-1004.8101,19.6653,0.0,7.5,7.5,2
3385.0,-1009.4428,21.5457,0.0,7.5,7.5,2
3390.0,-1014.0558,23.4739,0.0,7.5,7.5,2
3395.0,-1018.6543,25.4367,0.0,7.5,7.5,2
3400.0,-1023.2183,27.4766,0.0,7.5,7.5,2
3405.0,-1027.7541,29.5784,0.0,7.5,7.5,2
3410.0,-1032.2561,31.7532,0.0,7.5,7.5,2
3415.0,-1036.7274,33.9882,0.0,7.5,7.5,2
3420.0,-1041.1496,36.3173,0.0,7.5,7.5,2
3425.0,-1045.5161,38.7498,0.0,7.5,7.5,2
3430.0,-1049.8314,41.2738,0.0,7.5,7.5,2
3435.0,-1054.1112,43.8576,0.0,7.5,7.5,2
3440.0,-1058.3419,46.5209,0.0,7.5,7.5,2
3445.0,-1062.5296,49.2505,0.0,7.5,7.5,2
3450.0,-1066.6381,52.0968,0.0,7.5,7.5,2
3455.0,-1070.6928,55.0198,0.0,7.5,7.5,2
3460.0,-1074.681,58.0349,0.0,7.5,7.5,2
3465.0,-1078.644,61.083,0.0,7.5,7.5,2
3470.0,-1082.5688,64.18,0.0,7.5,7.5,2
3475.0,-1086.4454,67.3359,0.0,7.5,7.5,2
3480.0,-1090.2657,70.5597,0.0,7.5,7.5,2
3485.0,-1094.0156,73.866,0.0,7.5,7.5,2
3490.0,-1097.7192,77.2238,0.0,7.5,7.5,2
3495.0,-1101.3654,80.6446,0.0,7.5,7.5,2
3500.0,-1104.9642,84.1144,0.0,7.5,7.5,2
3505.0,-1108.4981,87.6503,0.0,7.5,7.5,2
3510.0,-1111.9312,91.2819,0.0,7.5,7.5,2
3515.0,-1115.2494,95.019,0.0,7.5,7.5,2
3520.0,-1118.4579,98.8521,0.0,7.5,7.5,2
3525.0,-1121.5867,102.7511,0.0,7.5,7.5,2
3530.0,-1124.6154,106.7272,0.0,7.5,7.5,2
3535.0,-1127.5571,110.7688,0.0,7.5,7.5,2
3540.0,-1130.4106,114.874,0.0,7.5,7.5,2
3545.0,-1133.2004,119.0219,0.0,7.5,7.5,2
3550.0,-1135.8881,123.2359,0.0,7.5,7.5,2
3555.0,-1138.487,127.5055,0.0,7.5,7.5,2
3560.0,-1140.9914,131.8323,0.0,7.5,7.5,2
3565.0,-1143.4419,136.19,0.0,7.5,7.5,2
3570.0,-1145.8261,140.5846,0.0,7.5,7.5,2
3575.0,-1148.1624,145.0045,0.0,7.5,7.5,2
3580.0,-1150.4224,149.4638,0.0,7.5,7.5,2
3585.0,-1152.6025,153.9624,0.0,7.5,7.5,2
3590.0,-1154.7078,158.4971,0.0,7.5,7.5,2
3595.0,-1156.7551,163.0585,0.0,7.5,7.5,2
3600.0,-1158.7621,167.6378,0.0,7.5,7.5,2
3605.0,-1160.7366,172.2313,0.0,7.5,7.5,2
3610.0,-1162.6965,176.8312,0.0,7.5,7.5,2
3615.0,-1164.6519,181.433,0.0,7.5,7.5,2
3620.0,-1166.605,186.0357,0.0,7.5,7.5,2
3625.0,-1168.5571,190.6389,0.0,7.5,7.5,2
3630.0,-1170.508,195.2426,0.0,7.5,7.5,2
3635.0,-1172.4587,199.8464,0.0,7.5,7.5,2
3640.0,-1174.4101,204.4499,0.0,7.5,7.5,2
3645.0,-1176.3715,209.0491,0.0,7.5,7.5,2
3650.0,-1178.3489,213.6413,0.0,7.5,7.5,2
3655.0,-1180.3492,218.2237,0.0,7.5,7.5,2
3660.0,-1182.3715,222.7964,0.0,7.5,7.5,2
3665.0,-1184.4344,227.3507,0.0,7.5,7.5,2
3670.0,-1186.5305,231.8899,0.0,7.5,7.5,2
3675.0,-1188.6822,236.403,0.0,7.5,7.5,2
3680.0,-1190.8656,240.9008,0.0,7.5,7.5,2
3685.0,-1193.114,245.3663,0.0,7.5,7.5,2
3690.0,-1195.4031,249.8111,0.0,7.5,7.5,2
3695.0,-1197.7316,254.2357,0.0,7.5,7.5,2
3700.0,-1200.1137,258.631,0.0,7.5,7.5,2
3705.0,-1202.5478,262.9977,0.0,7.5,7.5,2
3710.0,-1205.0545,267.3235,0.0,7.5,7.5,2
3715.0,-1207.6047,271.6237,0.0,7.5,7.5,2
3720.0,-1210.2214,275.8822,0.0,7.5,7.5,2
3725.0,-1212.9879,280.0405,0.0,7.5,7.5,2
3730.0,-1215.8948,284.1026,0.0,7.5,7.5,2
3735.0,-1218.9626,288.0494,0.0,7.5,7.5,2
3740.0,-1222.1734,291.8638,0.0,7.5,7.5,2
3745.0,-1225.6863,295.3802,0.0,7.5,7.5,2
3750.0,-1229.5143,298.5539,0.0,7.5,7.5,2
3755.0,-1233.6611,301.3236,0.0,7.5,7.5,2
3760.0,-1237.9917,303.7965,0.0,7.5,7.5,2
3765.0,-1242.5027,305.9292,0.0,7.5,7.5,2
3770.0,-1247.1445,307.7531,0.0,7.5,7.5,2
3775.0,-1251.8963,309.2901,0.0,7.5,7.5,2
3780.0,-1256.721,310.5873,0.0,7.5,7.5,2
3785.0,-1261.601,311.6418,0.0,7.5,7.5,2
3790.0,-1266.531,312.4254,0.0,7.5,7.5,2
3795.0,-1271.5001,312.9173,0.0,7.5,7.5,2
3800.0,-1276.4871,313.1963,0.0,7.5,7.5,2
3805.0,-1281.4816,313.2038,0.0,7.5,7.5,2
3810.0,-1286.4738,313.0225,0.0,7.5,7.5,2
3815.0,-1291.4619,312.6875,0.0,7.5,7.5,2
3820.0,-1296.4453,312.2899,0.0,7.5,7.5,2
3825.0,-1301.42,311.8039,0.0,7.5,7.5,2
3830.0,-1306.3774,311.1712,0.0,7.5,7.5,2
3835.0,-1311.3196,310.4209,0.0,7.5,7.5,2
3840.0,-1316.2389,309.5412,0.0,7.5,7.5,3
3845.0,-1321.1117,308.4583,0.0,7.5,7.5,3
3850.0,-1325.927,307.1412,0.0,7.5,7.5,3
3855.0,-1330.6787,305.5904,0.0,7.5,7.5,3
3860.0,-1335.3667,303.8626,0.0,7.5,7.5,3
3865.0,-1339.9879,301.962,0.0,7.5,7.5,3
3870.0,-1344.5272,299.8772,0.0,7.5,7.5,3
3875.0,-1348.9354,297.5453,0.0,7.5,7.5,3
3880.0,-1353.1456,294.8833,0.0,7.5,7.5,3
3885.0,-1357.1263,291.8763,0.0,7.5,7.5,3
3890.0,-1360.8057,288.519,0.0,7.5,7.5,3
3895.0,-1364.2079,284.8786,0.0,7.5,7.5,3
3900.0,-1367.3252,280.983,0.0,7.5,7.5,3
3905.0,-1370.1642,276.8845,0.0,7.5,7.5,3
3910.0,-1372.6802,272.5826,0.0,7.5,7.5,3
3915.0,-1374.7549,268.0523,0.0,7.5,7.5,3
3920.0,-1376.3711,263.348,0.0,7.5,7.5,3
3925.0,-1377.5183,258.4992,0.0,7.5,7.5,3
3930.0,-1378.2976,253.5733,0.0,7.5,7.5,3
3935.0,-1378.6979,248.6035,0.0,7.5,7.5,3
3940.0,-1378.8134,243.6142,0.0,7.5,7.5,3
3945.0,-1378.5991,238.6269,0.0,7.5,7.5,3
3950.0,-1378.0534,233.6791,0.0,7.5,7.5,3
3955.0,-1377.0585,228.8023,0.0,7.5,7.5,3
3960.0,-1375.6945,224.0022,0.0,7.5,7.5,3
3965.0,-1374.0668,219.2783,0.0,7.5,7.5,3
3970.0,-1372.2425,214.6285,0.0,7.5,7.5,3
3975.0,-1370.2117,210.065,0.0,7.5,7.5,3
3980.0,-1368.0061,205.5813,0.0,7.5,7.5,3
3985.0,-1365.6489,201.1747,0.0,7.5,7.5,3
3990.0,-1363.1281,196.8621,0.0,7.5,7.5,3
3995.0,-1360.412,192.6713,0.0,7.5,7.5,3
4000.0,-1357.4588,188.6448,0.0,7.5,7.5,3
4005.0,-1354.2576,184.8147,0.0,7.5,7.5,3
4010.0,-1350.8666,181.1449,0.0,7.5,7.5,3
4015.0,-1347.3692,177.5718,0.0,7.5,7.5,3
4020.0,-1343.8325,174.0379,0.0,7.5,7.5,3
4025.0,-1340.2571,170.5434,0.0,7.5,7.5,3
4030.0,-1336.6282,167.1044,0.0,7.5,7.5,3
4035.0,-1332.9551,163.7129,0.0,7.5,7.5,3
4040.0,-1329.2435,160.3629,0.0,7.5,7.5,3
4045.0,-1325.4688,157.0858,0.0,7.5,7.5,3
4050.0,-1321.6276,153.8875,0.0,7.5,7.5,3
4055.0,-1317.7094,150.7824,0.0,7.5,7.5,3
4060.0,-1313.751,147.7284,0.0,7.5,7.5,3
4065.0,-1309.7625,144.7134,0.0,7.5,7.5,3
4070.0,-1305.7597,141.717,0.0,7.5,7.5,3
4075.0,-1301.7512,138.7285,0.0,7.5,7.5,3
4080.0,-1297.7354,135.7497,0.0,7.5,7.5,3
4085.0,-1293.7126,132.7804,0.0,7.5,7.5,3
4090.0,-1289.6812,129.8227,0.0,7.5,7.5,3
4095.0,-1285.6429,126.8745,0.0,7.5,7.5,3
4100.0,-1281.5936,123.9415,0.0,7.5,7.5,3
4105.0,-1277.5331,121.024,0.0,7.5,7.5,3
4110.0,-1273.4648,118.1173,0.0,7.5,7.5,3
4115.0,-1269.3848,115.2271,0.0,7.5,7.5,3
4120.0,-1265.2933,112.3532,0.0,7.5,7.5,3
4125.0,-1261.1845,109.5041,0.0,7.5,7.5,3
4130.0,-1257.0511,106.6914,0.0,7.5,7.5,3
4135.0,-1252.8946,103.9126,0.0,7.5,7.5,3
4140.0,-1248.7159,101.1669,0.0,7.5,7.5,3
4145.0,-1244.5301,98.4322,0.0,7.5,7.5,3
4150.0,-1240.3332,95.7145,0.0,7.5,7.5,3
4155.0,-1236.1309,93.0051,0.0,7.5,7.5,3
4160.0,-1231.9149,90.3173,0.0,7.5,7.5,3
4165.0,-1227.6874,87.6476,0.0,7.5,7.5,3
4170.0,-1223.4485,84.996,0.0,7.5,7.5,3
4175.0,-1219.2074,82.3477,0.0,7.5,7.5,3
4180.0,-1214.9626,79.7055,0.0,7.5,7.5,3
4185.0,-1210.7014,77.0902,0.0,7.5,7.5,3
4190.0,-1206.4221,74.5045,0.0,7.5,7.5,3
4195.0,-1202.1241,71.9498,0.0,7.5,7.5,3
4200.0,-1197.8157,69.4126,0.0,7.5,7.5,3
4205.0,-1193.4915,66.9027,0.0,7.5,7.5,3
4210.0,-1189.1554,64.4133,0.0,7.5,7.5,3
4215.0,-1184.8069,61.9454,0.0,7.5,7.5,3
4220.0,-1180.4504,59.4917,0.0,7.5,7.5,3
4225.0,-1176.0848,57.0543,0.0,7.5,7.5,3
4230.0,-1171.7127,54.6284,0.0,7.5,7.5,3
4235.0,-1167.3372,52.2089,0.0,7.5,7.5,3
4240.0,-1162.9566,49.7983,0.0,7.5,7.5,3
4245.0,-1158.5708,47.3974,0.0,7.5,7.5,3
4250.0,-1154.1772,45.0108,0.0,7.5,7.5,3
4255.0,-1149.7732,42.6435,0.0,7.5,7.5,3
4260.0,-1145.3616,40.2903,0.0,7.5,7.5,3
4265.0,-1140.9435,37.9493,0.0,7.5,7.5,3
4270.0,-1136.5193,35.6199,0.0,7.5,7.5,3
4275.0,-1132.0883,33.3035,0.0,7.5,7.5,3
4280.0,-1127.647,31.0069,0.0,7.5,7.5,3
4285.0,-1123.2002,28.7209,0.0,7.5,7.5,3
4290.0,-1118.7414,26.4585,0.0,7.5,7.5,3
4295.0,-1114.2745,24.2122,0.0,7.5,7.5,3
4300.0,-1109.7876,22.0062,0.0,7.5,7.5,3
4305.0,-1105.2862,19.8303,0.0,7.5,7.5,3
4310.0,-1100.771,17.6826,0.0,7.5,7.5,3
4315.0,-1096.2468,15.5542,0.0,7.5,7.5,3
4320.0,-1091.7094,13.454,0.0,7.5,7.5,3
4325.0,-1087.1576,11.3853,0.0,7.5,7.5,3
4330.0,-1082.5945,9.3413,0.0,7.5,7.5,3
4335.0,-1078.0262,7.309,0.0,7.5,7.5,3
4340.0,-1073.4498,5.295,0.0,7.5,7.5,3
4345.0,-1068.867,3.2956,0.0,7.5,7.5,3
4350.0,-1064.2758,1.3157,0.0,7.5,7.5,3
4355.0,-1059.6753,-0.6425,0.0,7.5,7.5,3
4360.0,-1055.0676,-2.5838,0.0,7.5,7.5,3
4365.0,-1050.4436,-4.4852,0.0,7.5,7.5,3
4370.0,-1045.8037,-6.3473,0.0,7.5,7.5,3
4375.0,-1041.1458,-8.1647,0.0,7.5,7.5,3
4380.0,-1036.4806,-9.9635,0.0,7.5,7.5,3
4385.0,-1031.8051,-11.7351,0.0,7.5,7.5,3
4390.0,-1027.1214,-13.4848,0.0,7.5,7.5,3
4395.0,-1022.4259,-15.203,0.0,7.5,7.5,3
4400.0,-1017.7255,-16.9076,0.0,7.5,7.5,3
4405.0,-1013.0201,-18.5986,0.0,7.5,7.5,3
4410.0,-1008.3119,-20.2816,0.0,7.5,7.5,3
4415.0,-1003.6011,-21.9573,0.0,7.5,7.5,3
4420.0,-998.8869,-23.6235,0.0,7.5,7.5,3
4425.0,-994.1684,-25.2776,0.0,7.5,7.5,3
4430.0,-989.4462,-26.9208,0.0,7.5,7.5,3
4435.0,-984.7203,-28.5535,0.0,7.5,7.5,3
4440.0,-979.9931,-30.1825,0.0,7.5,7.5,3
4445.0,-975.2646,-31.8078,0.0,7.5,7.5,3
4450.0,-970.5349,-33.4294,0.0,7.5,7.5,3
4455.0,-965.8036,-35.0465,0.0,7.5,7.5,3
4460.0,-961.0707,-36.6588,0.0,7.5,7.5,3
4465.0,-956.3357,-38.2648,0.0,7.5,7.5,3
4470.0,-951.5993,-39.867,0.0,7.5,7.5,3
4475.0,-946.8617,-41.4656,0.0,7.5,7.5,3
4480.0,-942.1241,-43.0638,0.0,7.5,7.5,3
4485.0,-937.3863,-44.6619,0.0,7.5,7.5,3
4490.0,-932.6485,-46.2598,0.0,7.5,7.5,3
4495.0,-927.9108,-47.8578,0.0,7.5,7.5,3
4500.0,-923.1732,-49.4563,0.0,7.5,7.5,3
4505.0,-918.4357,-51.0552,0.0,7.5,7.5,3
4510.0,-913.6978,-52.6528,0.0,7.5,7.5,3
4515.0,-908.9593,-54.2487,0.0,7.5,7.5,3
4520.0,-904.2203,-55.843,0.0,7.5,7.5,3
4525.0,-899.4811,-57.4367,0.0,7.5,7.5,3
4530.0,-894.7417,-59.0298,0.0,7.5,7.5,3
4535.0,-890.0022,-60.6227,0.0,7.5,7.5,3
4540.0,-885.2629,-62.216,0.0,7.5,7.5,3
4545.0,-880.5236,-63.8096,0.0,7.5,7.5,3
4550.0,-875.7841,-65.4022,0.0,7.5,7.5,3
4555.0,-871.0441,-66.9937,0.0,7.5,7.5,3
4560.0,-866.3037,-68.5839,0.0,7.5,7.5,3
4565.0,-861.5631,-70.1733,0.0,7.5,7.5,3
4570.0,-856.8223,-71.7623,0.0,7.5,7.5,3
4575.0,-852.0815,-73.3512,0.0,7.5,7.5,3
4580.0,-847.3406,-74.94,0.0,7.5,7.5,3
4585.0,-842.5997,-76.5287,0.0,7.5,7.5,3
4590.0,-837.8589,-78.1176,0.0,7.5,7.5,3
4595.0,-833.1184,-79.7074,0.0,7.5,7.5,3
4600.0,-828.3781,-81.2979,0.0,7.5,7.5,3
4605.0,-823.638,-82.8891,0.0,7.5,7.5,3
4610.0,-818.8979,-84.4801,0.0,7.5,7.5,3
4615.0,-814.1577,-86.0708,0.0,7.5,7.5,3
4620.0,-809.4174,-87.6613,0.0,7.5,7.5,3
4625.0,-804.677,-89.2515,0.0,7.5,7.5,3
4630.0,-799.9366,-90.8416,0.0,7.5,7.5,3
4635.0,-795.1961,-92.4315,0.0,7.5,7.5,3
4640.0,-790.4555,-94.0211,0.0,7.5,7.5,3
4645.0,-785.7149,-95.6106,0.0,7.5,7.5,3
4650.0,-780.9744,-97.2004,0.0,7.5,7.5,3
4655.0,-776.2341,-98.7909,0.0,7.5,7.5,3
4660.0,-771.494,-100.382,0.0,7.5,7.5,3
4665.0,-766.7543,-101.9742,0.0,7.5,7.5,3
4670.0,-762.0149,-103.5674,0.0,7.5,7.5,3
4675.0,-757.2759,-105.1616,0.0,7.5,7.5,3
4680.0,-752.5372,-106.757,0.0,7.5,7.5,3
4685.0,-747.7989,-108.3534,0.0,7.5,7.5,3
4690.0,-743.061,-109.9507,0.0,7.5,7.5,3
4695.0,-738.3229,-111.5479,0.0,7.5,7.5,3
4700.0,-733.5848,-113.145,0.0,7.5,7.5,3
4705.0,-728.8463,-114.7406,0.0,7.5,7.5,3
4710.0,-724.107,-116.3341,0.0,7.5,7.5,3
4715.0,-719.367,-117.9254,0.0,7.5,7.5,3
4720.0,-714.6267,-119.516,0.0,7.5,7.5,3
4725.0,-709.8864,-121.1063,0.0,7.5,7.5,3
4730.0,-705.146,-122.6965,0.0,7.5,7.5,3
4735.0,-700.4055,-124.2865,0.0,7.5,7.5,3
4740.0,-695.665,-125.8763,0.0,7.5,7.5,3
4745.0,-690.9245,-127.466,0.0,7.5,7.5,3
4750.0,-686.1833,-129.0538,0.0,7.5,7.5,3
4755.0,-681.4412,-130.6389,0.0,7.5,7.5,3
4760.0,-676.6982,-132.2214,0.0,7.5,7.5,3
4765.0,-671.9551,-133.8034,0.0,7.5,7.5,3
4770.0,-667.2122,-135.3861,0.0,7.5,7.5,3
4775.0,-662.4699,-136.9707,0.0,7.5,7.5,3
4780.0,-657.7286,-138.558,0.0,7.5,7.5,3
4785.0,-652.9886,-140.1494,0.0,7.5,7.5,3
4790.0,-648.2495,-141.7435,0.0,7.5,7.5,3
4795.0,-643.5111,-143.3397,0.0,7.5,7.5,3
4800.0,-638.773,-144.9364,0.0,7.5,7.5,3
4805.0,-634.0343,-146.5317,0.0,7.5,7.5,3
4810.0,-629.295,-148.1252,0.0,7.5,7.5,3
4815.0,-624.5554,-149.7178,0.0,7.5,7.5,3
4820.0,-619.8162,-151.3114,0.0,7.5,7.5,3
4825.0,-615.0774,-152.9064,0.0,7.5,7.5,3
4830.0,-610.3388,-154.5019,0.0,7.5,7.5,3
4835.0,-605.6,-156.0969,0.0,7.5,7.5,3
4840.0,-600.8609,-157.6908,0.0,7.5,7.5,3
4845.0,-596.1209,-159.2822,0.0,7.5,7.5,3
4850.0,-591.38,-160.8708,0.0,7.5,7.5,3
4855.0,-586.638,-162.4563,0.0,7.5,7.5,3
4860.0,-581.8847,-164.0067,0.0,7.5,7.5,3
4865.0,-577.1205,-165.5232,0.0,7.5,7.5,3
4870.0,-572.3431,-166.9982,0.0,7.5,7.5,3
4875.0,-567.5606,-168.4568,0.0,7.5,7.5,3
4880.0,-562.764,-169.8615,0.0,7.5,7.5,3
4885.0,-557.9251,-171.0965,0.0,7.5,7.5,3
4890.0,-553.0466,-172.1703,0.0,7.5,7.5,3
4895.0,-548.1238,-173.0296,0.0,7.5,7.5,3
4900.0,-543.1812,-173.7601,0.0,7.5,7.5,3
4905.0,-538.2094,-174.1184,0.0,7.5,7.5,3
4910.0,-533.2221,-174.1928,0.0,7.5,7.5,3
4915.0,-528.2438,-173.8373,0.0,7.5,7.5,3
4920.0,-523.2871,-173.2626,0.0,7.5,7.5,3
4925.0,-518.3596,-172.4311,0.0,7.5,7.5,3
4930.0,-513.4454,-171.5124,0.0,7.5,7.5,3
4935.0,-508.5555,-170.4846,0.0,7.5,7.5,3
4940.0,-503.7156,-169.2608,0.0,7.5,7.5,3
4945.0,-498.9237,-167.8535,0.0,7.5,7.5,3
4950.0,-494.1722,-166.2971,0.0,7.5,7.5,3
4955.0,-489.428,-164.7187,0.0,7.5,7.5,3
4960.0,-484.7082,-163.0712,0.0,7.5,7.5,3
4965.0,-480.0146,-161.3515,0.0,7.5,7.5,3
4970.0,-475.3577,-159.5341,0.0,7.5,7.5,3
4975.0,-470.7292,-157.6443,0.0,7.5,7.5,3
4980.0,-466.134,-155.6761,0.0,7.5,7.5,3
4985.0,-461.5749,-153.6256,0.0,7.5,7.5,3
4990.0,-457.0453,-151.5097,0.0,7.5,7.5,3
4995.0,-452.5416,-149.3384,0.0,7.5,7.5,3
5000.0,-448.0638,-147.1152,0.0,7.5,7.5,3
5005.0,-443.6242,-144.8172,0.0,7.5,7.5,3
5010.0,-439.2146,-142.4614,0.0,7.5,7.5,3
5015.0,-434.8368,-140.0464,0.0,7.5,7.5,3
5020.0,-430.4765,-137.5999,0.0,7.5,7.5,3
5025.0,-426.1569,-135.0829,0.0,7.5,7.5,3
5030.0,-421.8626,-132.5227,0.0,7.5,7.5,3
5035.0,-417.6201,-129.8781,0.0,7.5,7.5,3
5040.0,-413.4111,-127.1807,0.0,7.5,7.5,3
5045.0,-409.2381,-124.4269,0.0,7.5,7.5,3
5050.0,-405.0749,-121.6577,0.0,7.5,7.5,3
5055.0,-400.9323,-118.8589,0.0,7.5,7.5,3
5060.0,-396.8274,-116.0056,0.0,7.5,7.5,3
5065.0,-392.7619,-113.096,0.0,7.5,7.5,3
5070.0,-388.7204,-110.1522,0.0,7.5,7.5,3
5075.0,-384.7241,-107.1489,0.0,7.5,7.5,3
5080.0,-380.7782,-104.0801,0.0,7.5,7.5,3
5085.0,-376.9048,-100.9192,0.0,7.5,7.5,3
5090.0,-373.078,-97.7023,0.0,7.5,7.5,3
5095.0,-369.294,-94.4343,0.0,7.5,7.5,3
5100.0,-365.5387,-91.1334,0.0,7.5,7.5,3
5105.0,-361.8052,-87.8079,0.0,7.5,7.5,3
5110.0,-358.0919,-84.4597,0.0,7.5,7.5,3
5115.0,-354.3918,-81.0968,0.0,7.5,7.5,3
5120.0,-350.7004,-77.7244,0.0,7.5,7.5,3
5125.0,-347.0229,-74.3368,0.0,7.5,7.5,3
5130.0,-343.3581,-70.9356,0.0,7.5,7.5,3
5135.0,-339.7038,-67.5229,0.0,7.5,7.5,3
5140.0,-336.0521,-64.1075,0.0,7.5,7.5,3
5145.0,-332.4044,-60.6879,0.0,7.5,7.5,3
5150.0,-328.7634,-57.2611,0.0,7.5,7.5,3
5155.0,-325.1322,-53.8239,0.0,7.5,7.5,3
5160.0,-321.513,-50.3742,0.0,7.5,7.5,3
5165.0,-317.9092,-46.9083,0.0,7.5,7.5,3
5170.0,-314.3176,-43.4298,0.0,7.5,7.5,3
5175.0,-310.7364,-39.9405,0.0,7.5,7.5,3
5180.0,-307.1588,-36.4476,0.0,7.5,7.5,3
5185.0,-303.5869,-32.9488,0.0,7.5,7.5,3
5190.0,-300.0236,-29.4413,0.0,7.5,7.5,3
5195.0,-296.4676,-25.9263,0.0,7.5,7.5,3
5200.0,-292.9185,-22.4045,0.0,7.5,7.5,3
5205.0,-289.3716,-18.8803,0.0,7.5,7.5,3
5210.0,-285.8281,-15.3528,0.0,7.5,7.5,3
5215.0,-282.2895,-11.8204,0.0,7.5,7.5,3
5220.0,-278.755,-8.2838,0.0,7.5,7.5,3
5225.0,-275.2202,-4.7475,0.0,7.5,7.5,3
5230.0,-271.6811,-1.2156,0.0,7.5,7.5,3
5235.0,-268.1361,2.3105,0.0,7.5,7.5,3
5240.0,-264.5888,5.8342,0.0,7.5,7.5,3
5245.0,-261.0382,9.3547,0.0,7.5,7.5,3
5250.0,-257.4849,12.8722,0.0,7.5,7.5,3
5255.0,-253.9263,16.3845,0.0,7.5,7.5,3
5260.0,-250.3627,19.8918,0.0,7.5,7.5,3
5265.0,-246.7916,23.3914,0.0,7.5,7.5,3
5270.0,-243.2103,26.8804,0.0,7.5,7.5,3
5275.0,-239.5666,30.3022,0.0,7.5,7.5,3
5280.0,-235.8064,33.5894,0.0,7.5,7.5,3
5285.0,-231.9024,36.7063,0.0,7.5,7.5,3
5290.0,-227.8753,39.6645,0.0,7.5,7.5,3
5295.0,-223.7432,42.474,0.0,7.5,7.5,3
5300.0,-219.5108,45.1301,0.0,7.5,7.5,3
5305.0,-215.1031,47.4543,0.0,7.5,7.5,3
5310.0,-210.5189,49.3909,0.0,7.5,7.5,3
5315.0,-205.7581,50.8859,0.0,7.5,7.5,3
5320.0,-200.9078,52.0661,0.0,7.5,7.5,3
5325.0,-195.9881,52.8668,0.0,7.5,7.5,3
5330.0,-191.0448,53.0453,0.0,7.5,7.5,3
5335.0,-186.1727,52.376,0.0,7.5,7.5,3
5340.0,-181.4722,50.8479,0.0,7.5,7.5,3
5345.0,-177.068,48.5677,0.0,7.5,7.5,3
5350.0,-172.9315,45.7989,0.0,7.5,7.5,3
5355.0,-168.9916,42.7234,0.0,7.5,7.5,3
5360.0,-165.0456,39.6655,0.0,7.5,7.5,3
5365.0,-160.8986,36.9336,0.0,7.5,7.5,3
5370.0,-156.449,34.7765,0.0,7.5,7.5,3
5375.0,-151.7014,33.405,0.0,7.5,7.5,3
5380.0,-146.7932,32.813,0.0,7.5,7.5,3
5385.0,-141.8475,33.0187,0.0,7.5,7.5,3
5390.0,-136.9736,33.9268,0.0,7.5,7.5,3
5395.0,-132.2394,35.4448,0.0,7.5,7.5,3
5400.0,-127.7044,37.4878,0.0,7.5,7.5,3
5405.0,-123.3795,39.956,0.0,7.5,7.5,3
5410.0,-119.2792,42.7943,0.0,7.5,7.5,3
5415.0,-115.3833,45.9122,0.0,7.5,7.5,3
5420.0,-111.6609,49.242,0.0,7.5,7.5,3
5425.0,-108.0162,52.6631,0.0,7.5,7.5,3
5430.0,-104.3381,56.0477,0.0,7.5,7.5,3
5435.0,-100.5265,59.2765,0.0,7.5,7.5,3
5440.0,-96.5633,62.3167,0.0,7.5,7.5,3
5445.0,-92.4439,65.1421,0.0,7.5,7.5,3
5450.0,-88.2,67.7759,0.0,7.5,7.5,3
5455.0,-83.8414,70.2164,0.0,7.5,7.5,3
5460.0,-79.3723,72.447,0.0,7.5,7.5,3
5465.0,-74.7524,74.3054,0.0,7.5,7.5,3
5470.0,-69.983,75.7087,0.0,7.5,7.5,3
5475.0,-65.0868,76.6406,0.0,7.5,7.5,3
5480.0,-60.1353,77.2796,0.0,7.5,7.5,3
5485.0,-55.1585,77.7517,0.0,7.5,7.5,3
5490.0,-50.1722,78.105,0.0,7.5,7.5,3
5495.0,-45.1803,78.3655,0.0,7.5,7.5,3
5500.0,-40.1832,78.4849,0.0,7.5,7.5,3
5505.0,-35.1853,78.4963,0.0,7.5,7.5,3
5510.0,-30.1882,78.3674,0.0,7.5,7.5,3
5515.0,-25.2099,78.004,0.0,7.5,7.5,3
5520.0,-20.2561,77.3873,0.0,7.5,7.5,3
5525.0,-15.3316,76.5338,0.0,7.5,7.5,3
5530.0,-10.4317,75.5468,0.0,7.5,7.5,3
5535.0,-5.5593,74.4317,0.0,7.5,7.5,3
5540.0,-0.7153,73.196,0.0,7.5,7.5,3
5545.0,4.1069,71.8765,0.0,7.5,7.5,3
5550.0,8.9014,70.4622,0.0,7.5,7.5,3
5555.0,13.6622,68.9398,0.0,7.5,7.5,3
5560.0,18.3873,67.308,0.0,7.5,7.5,3
5565.0,23.0865,65.601,0.0,7.5,7.5,3
5570.0,27.7432,63.786,0.0,7.5,7.5,3
5575.0,32.3496,61.8489,0.0,7.5,7.5,3
5580.0,36.8886,59.7568,0.0,7.5,7.5,3
5585.0,41.3713,57.5454,0.0,7.5,7.5,3
5590.0,45.7919,55.2127,0.0,7.5,7.5,3
5595.0,50.1488,52.7636,0.0,7.5,7.5,3
5600.0,54.4499,50.2169,0.0,7.5,7.5,3
5605.0,58.7126,47.6038,0.0,7.5,7.5,3
5610.0,62.926,44.914,0.0,7.5,7.5,3
5615.0,67.083,42.1392,0.0,7.5,7.5,3
5620.0,71.1556,39.2414,0.0,7.5,7.5,3
5625.0,75.1616,36.2523,0.0,7.5,7.5,3
5630.0,79.0897,33.1606,0.0,7.5,7.5,3
5635.0,82.9546,29.991,0.0,7.5,7.5,3
5640.0,86.7434,26.7301,0.0,7.5,7.5,3
5645.0,90.4658,23.3938,0.0,7.5,7.5,3
5650.0,94.1315,19.994,0.0,7.5,7.5,3
5655.0,97.7471,16.5409,0.0,7.5,7.5,3
5660.0,101.3272,13.051,0.0,7.5,7.5,3
5665.0,104.8653,9.5183,0.0,7.5,7.5,3
5670.0,108.3632,5.9462,0.0,7.5,7.5,3
5675.0,111.8154,2.3297,0.0,7.5,7.5,3
5680.0,115.229,-1.3234,0.0,7.5,7.5,3
5685.0,118.6002,-5.0155,0.0,7.5,7.5,3
5690.0,121.9322,-8.743,0.0,7.5,7.5,3
5695.0,125.2223,-12.5079,0.0,7.5,7.5,3
5700.0,128.4926,-16.29,0.0,7.5,7.5,3
5705.0,131.7485,-20.0845,0.0,7.5,7.5,3
5710.0,134.9963,-23.886,0.0,7.5,7.5,3
5715.0,138.2398,-27.6913,0.0,7.5,7.5,3
5720.0,141.4804,-31.499,0.0,7.5,7.5,3
5725.0,144.7217,-35.3061,0.0,7.5,7.5,3
5730.0,147.9641,-39.1122,0.0,7.5,7.5,3
5735.0,151.2073,-42.9177,0.0,7.5,7.5,3
5740.0,154.4521,-46.7218,0.0,7.5,7.5,3
5745.0,157.6997,-50.5235,0.0,7.5,7.5,3
5750.0,160.9506,-54.3224,0.0,7.5,7.5,3
5755.0,163.6995,-57.5302,0.0,7.5,7.5,3
